{
    "rmse": 0.6864480425893033,
    "mae": 0.5488300205911834,
    "r2": 0.2282821566087686
}